WT residue type,chain ID,Residue #,G,A,V,L,I,M,F,W,P,S,T,C,Y,N,Q,D,E,K,R,H
S,A,69,1.49873,1.68903,3.15109,1.80604,3.29869,1.61659,0.9957,2.43106,3.60708,-0.00188,1.27662,2.32849,1.60757,0.31285,2.04724,-1.84886,0.33072,2.2055,2.36437,1.86733
T,A,70,1.12864,0.20744,-0.04959,-1.30652,-1.04267,-0.9535,-0.53447,-0.29748,-0.22573,1.06091,-0.00564,0.61983,-0.45142,0.52534,-0.17538,-0.31179,-0.83639,-0.59313,-0.34435,0.28583
M,A,71,2.33213,1.08062,1.96754,0.39909,1.92737,-0.0189,1.06846,2.66367,0.21895,1.56381,1.85033,2.10877,3.48454,1.47519,0.57843,3.67629,1.77353,1.43698,1.8167,2.88727
G,A,72,-0.0,-0.39259,6.78554,4.4885,6.62845,2.0945,21.6716,24.4805,1.73631,3.15182,6.92118,4.29094,28.62242,7.42137,3.31626,7.18364,1.89434,7.41155,10.53791,20.5005
Q,A,73,1.26311,0.15463,0.79149,-0.59616,-0.00779,-0.77972,-0.68825,-0.27003,2.59603,0.47041,1.11001,0.75726,-0.34346,0.49689,-0.05201,0.47826,-0.07865,-0.2856,-0.13572,0.48702
V,A,74,4.15072,1.96176,-0.01497,1.48199,-0.01396,4.07619,7.81154,13.1653,6.79725,3.06842,2.27147,2.44226,11.49755,4.10552,5.38717,6.04614,6.12199,8.44804,10.63727,11.05204
G,A,75,0.0,2.43771,15.94832,26.19118,25.42744,19.3641,43.8877,56.3866,10.26324,7.53361,14.85216,10.086,45.6162,19.1021,26.32176,20.13624,27.21252,25.54276,32.52948,40.90674
R,A,76,1.94572,0.46563,0.95926,-0.89547,1.18118,-0.82539,-0.33944,-0.00216,6.83596,0.8314,1.18498,0.14042,-0.33472,0.45577,-0.2268,1.5852,0.42443,-0.37393,-0.07752,0.53237
Q,A,77,0.97135,-0.33037,-0.7703,-1.11081,-1.46806,-1.2927,-0.99777,-0.95292,3.59776,0.17658,-0.39167,0.08138,-0.69555,-0.37224,0.00798,0.96863,0.11976,-0.79757,-0.63293,-0.57616
L,A,78,5.29185,3.53634,1.58993,-0.01051,0.41043,-0.15648,1.57169,7.76881,7.6135,4.16787,3.88847,3.51622,6.99555,3.21276,3.45823,5.14687,4.47034,4.7432,7.20962,5.36146
A,A,79,1.96706,0.0,3.94213,8.01068,5.65928,3.35635,6.99921,11.96524,7.7278,0.74586,1.95558,2.03416,11.96224,3.69123,6.0636,5.33834,5.33121,5.29612,6.58879,12.62199
I,A,80,1.2667,0.35144,0.52772,-0.25794,-0.00033,-0.40435,0.43218,-0.17322,3.64425,0.77527,0.13196,1.18819,0.51427,0.76092,0.22748,0.96577,0.55237,0.21958,-0.10979,0.84168
I,A,81,2.16059,1.36717,0.67981,-0.70242,-0.02186,-1.36732,1.04179,-1.52259,5.52352,2.24831,1.3169,1.47195,1.29001,2.01598,1.58389,2.82548,2.3543,1.19897,1.45556,2.24822
G,A,82,0.0,-0.26576,1.95591,5.20201,2.18582,2.3826,12.40701,16.0049,8.83711,-0.0496,1.7059,0.30888,19.28704,5.33357,1.12811,2.73345,-0.44675,7.40898,7.13022,11.589
D,A,83,-0.00679,-0.80578,-0.36397,-1.14775,-1.0716,-1.45333,-1.25486,-1.79624,1.62261,-0.75291,-0.24582,-0.0773,-0.54555,0.12898,-0.78558,0.00042,-0.25597,-1.04447,-0.79406,0.28486
D,A,84,0.1403,0.22545,0.29199,-0.45284,-0.39621,-0.5185,-0.25563,-0.29305,1.13351,-0.00053,-0.22247,1.48056,-0.09047,0.22993,-0.52658,-0.00254,-0.30918,-0.29404,-0.3439,0.40383
I,A,85,1.45218,1.18027,0.61364,-0.82101,-0.00076,-0.74723,1.30931,0.81867,2.2908,0.82829,1.50678,0.43324,1.36285,0.97995,0.72055,0.78453,0.5278,0.50153,0.85325,1.02668
N,A,86,0.52042,-0.36403,-0.51322,-3.7086,-1.65459,-1.00432,2.47018,10.19533,7.43516,0.45856,0.2071,-0.56476,4.33874,-0.05053,0.74943,-0.45002,-0.66295,1.7176,2.59789,1.07475
R,A,87,1.0436,0.33778,0.83095,0.81929,0.82019,1.08982,0.59614,0.8279,2.06936,0.95441,1.10222,1.01588,0.83757,0.88302,0.82391,0.47985,0.41274,0.03989,-0.18042,1.15793
R,A,88,0.13892,-0.1116,-0.22467,-0.62841,-0.5052,-0.71551,-0.63068,-0.50302,0.09443,-0.02414,-0.18598,-0.1662,-0.4223,-0.01021,-0.27155,-2.05098,-1.67247,-0.31485,0.00276,-0.04708
S,A,117,0.8515,-0.14071,0.3708,-0.68111,-0.53358,-1.15766,-0.16508,-1.46416,2.67767,0.00012,0.7504,0.54872,-0.28657,-0.15179,-0.37144,0.72321,0.17562,-0.41541,-0.38941,-0.42497
L,A,118,3.96779,2.72595,2.32529,-0.01604,1.13957,-0.05527,3.88243,6.37463,6.38822,4.3411,4.0668,3.11651,9.01483,3.77576,2.83087,4.25178,3.43242,2.26917,2.0668,3.13245
F,A,119,5.11903,4.50872,3.06732,1.94969,2.40136,1.38811,-0.01018,5.81929,6.20476,4.50529,3.75936,3.95977,1.33375,3.49416,4.47508,5.61365,5.00813,3.72352,4.05229,2.22615
E,A,120,0.43171,-0.01296,0.50108,-0.21326,0.19543,-0.21209,-0.21772,0.11296,2.96981,-0.2192,-0.10238,0.03392,0.14497,-0.34833,-0.48729,0.51745,-0.03437,-0.2276,-0.49346,0.12224
S,A,121,0.21462,0.33447,0.4678,0.14804,0.19648,0.34086,0.06787,0.12716,0.54477,0.00027,0.95841,0.32523,0.2225,0.07751,-0.85816,-0.01499,-0.40038,0.12203,0.16251,0.331
G,A,122,0.0,3.35104,4.83546,3.46193,4.70613,3.08847,2.74715,3.16706,7.19943,3.51467,4.99227,3.4716,3.0459,3.31666,3.14566,2.47055,2.88264,3.38793,3.45609,3.32905
I,A,123,3.72047,2.465,0.42168,1.09339,-0.00403,0.47525,0.84165,1.98755,4.38347,3.32748,1.94564,2.12163,1.71113,3.21672,2.3938,3.83246,2.75364,1.31739,1.23748,1.98624
N,A,124,0.61358,0.4817,0.81225,0.7503,0.76792,0.29683,-0.39709,0.60013,1.07008,0.07792,0.43903,0.39114,-0.24949,0.0,0.39467,-1.00537,-0.70571,0.61199,0.80597,0.35103
W,A,125,4.628,4.20625,3.85271,2.02878,3.12966,1.2157,0.94021,-0.00207,2.83764,4.46986,3.85275,4.35377,1.76405,4.02712,3.86325,3.63599,3.09961,4.55282,4.73621,4.03153
G,A,126,0.0,-0.74731,-1.06962,-1.92308,-1.90926,-2.2835,-1.71788,-2.09274,-2.11036,-0.18012,-0.65735,-0.3842,-1.56543,-0.7374,-1.35462,-2.19756,-2.25473,-1.18129,-1.00923,-0.8113
R,A,127,2.79825,1.33144,1.12786,0.55077,1.18007,1.00044,0.21071,1.54557,0.24076,0.86008,1.3626,1.52677,0.40585,1.41049,1.32874,1.03447,0.00202,0.57989,-0.00069,1.85176
V,A,128,4.23246,2.36757,-0.00981,0.59268,-0.22741,2.14806,9.75197,19.10904,4.1082,3.46847,1.62127,2.25856,13.00374,3.45793,4.74495,4.05401,5.17252,7.74073,8.62531,7.4917
V,A,129,3.94886,2.1766,-0.01877,-0.52347,-0.79237,0.08267,1.34724,3.91794,4.8051,2.84102,1.41197,2.12437,2.72279,1.88794,2.45931,3.41897,1.70929,2.71212,3.73323,2.82063
A,A,130,1.95414,0.0,2.84528,7.74123,4.52973,3.40387,13.41812,18.75972,5.27331,0.69324,3.24349,0.86204,11.70226,4.66971,5.29476,2.71509,4.48204,7.80998,7.89155,13.15095
L,A,131,5.82633,4.0527,3.55135,0.00439,2.59626,0.15544,4.21585,14.933,10.72984,4.73248,4.05909,4.034,9.05823,4.80511,4.00325,5.14524,4.56483,4.38084,10.3227,4.35908
L,A,132,5.72022,4.1431,5.29139,-0.00435,4.2835,0.53362,1.0258,9.53294,7.32704,4.86583,2.7464,4.06902,2.30593,4.57858,4.02263,5.15855,4.51901,5.4182,8.31566,3.41736
G,A,133,0.0,-1.1193,2.58183,0.09409,3.37614,0.90806,3.21834,7.92705,5.46729,-0.44062,2.31843,0.11831,4.99539,2.39699,1.13624,5.17903,3.13417,3.23197,4.43608,14.87707
F,A,134,6.98892,5.24054,5.63883,1.49646,5.53485,1.32659,-0.00513,3.11078,13.2844,5.66575,6.68817,5.09304,1.56003,4.71456,4.89721,6.3227,5.74769,5.84654,6.93774,2.77298
G,A,135,0.0,1.34695,5.95278,2.35938,6.23312,4.66675,15.36056,22.64742,5.86197,3.49349,5.57767,2.83841,17.7531,5.063,6.94975,6.93705,8.67772,9.2733,11.53481,20.2262
Y,A,136,6.97092,5.16952,4.7752,2.72139,5.51916,2.12631,1.35815,3.27088,11.21316,6.95765,6.16943,5.40405,-0.03292,6.29075,5.79952,5.84827,5.7147,5.191,5.88275,4.62439
R,A,137,2.80357,1.08542,0.09216,-0.69071,0.08916,-0.3224,0.71848,1.40719,5.48717,2.15314,1.09623,1.70689,0.90298,1.14848,0.74352,3.57187,2.81211,0.60167,0.00166,3.14898
L,A,138,5.87185,4.09693,3.4459,-0.0412,3.26275,0.43349,4.5889,15.23046,10.04131,4.80225,3.19989,4.07467,8.95681,4.75494,3.05729,5.48988,4.48188,4.62434,8.20357,4.64295
A,A,139,1.67835,-0.0,1.21807,0.9936,1.96222,-0.74675,8.49597,5.53278,7.59065,0.74215,0.68768,1.56798,13.22537,2.73406,0.03444,3.558,4.24372,1.50993,3.0112,10.90072
L,A,140,3.68109,2.10058,2.32727,-0.01892,2.25586,0.2565,3.82925,3.55564,7.09535,2.67321,2.33366,2.49997,2.88626,2.54026,2.0465,4.20193,2.75421,2.77215,3.07495,2.11424
H,A,141,2.67434,1.19238,0.44026,-1.34997,-0.69624,-1.34665,1.31027,2.96128,5.98247,2.27474,0.81597,1.69765,1.67714,1.52899,1.33011,3.47294,1.31355,1.88092,1.91922,-0.1507
V,A,142,4.79607,2.79687,0.00347,-0.72338,-0.2575,1.62166,5.91191,13.39076,6.59823,3.63314,1.96977,2.39043,8.98028,3.70943,2.45668,5.16995,4.47895,5.17054,10.90413,6.01149
Y,A,143,2.57906,1.72059,1.50477,0.58194,1.02068,0.6136,-0.50007,0.99184,5.07971,2.08119,1.96642,1.90429,0.00117,1.60695,2.42947,4.84152,4.44312,1.21756,1.74334,0.62186
Q,A,144,0.63024,0.32146,0.74793,-1.35651,-0.14188,-1.3149,0.23173,0.34124,3.12078,-0.12907,0.39979,0.18695,-0.92591,0.65349,-0.02955,1.02841,0.28888,-0.72803,-0.51437,0.4276
H,A,145,0.01578,0.04119,0.43589,-1.05988,0.30835,-0.66709,-0.72737,-0.39763,2.74736,0.17499,-0.34956,-0.05963,-0.636,-1.1315,-0.38142,0.13103,-0.10183,-0.64614,-0.78203,-0.01078
G,A,146,0.0,2.66242,5.44363,2.86068,5.44172,2.74318,2.67949,4.24753,7.20054,2.69331,3.77405,4.08353,2.67033,2.54576,2.69564,2.92366,2.8353,2.78784,2.52036,2.61178
